{"cameraMode":{"drawMode":0,"name":"Shaded","section":"Shading Mode"},"sceneLighting":true,"audioPlay":false,"sceneViewState":{"showFog":false,"showMaterialUpdate":false,"showSkybox":false,"showFlares":false,"showImageEffects":false,"showParticleSystems":false},"in2DMode":false,"pivot":{"x":5226.171875,"y":145.41844177246095,"z":5206.37548828125},"rotation":{"x":-0.0174606591463089,"y":-0.8592005372047424,"z":-0.029387256130576135,"w":0.5104939341545105},"size":0.1827201396226883,"orthographic":false}