{"cameraMode":{"drawMode":0,"name":"Shaded","section":"Shading Mode"},"sceneLighting":true,"audioPlay":false,"sceneViewState":{"showFog":false,"showMaterialUpdate":false,"showSkybox":false,"showFlares":false,"showImageEffects":false,"showParticleSystems":false},"in2DMode":false,"pivot":{"x":5222.2509765625,"y":145.2758331298828,"z":5199.58544921875},"rotation":{"x":-0.10407045483589173,"y":0.8183298110961914,"z":-0.15682882070541383,"w":-0.5430565476417542},"size":0.6835842132568359,"orthographic":false}