{"cameraMode":{"drawMode":0,"name":"Shaded","section":"Shading Mode"},"sceneLighting":false,"audioPlay":false,"sceneViewState":{"showFog":false,"showMaterialUpdate":false,"showSkybox":false,"showFlares":false,"showImageEffects":false,"showParticleSystems":false},"in2DMode":false,"pivot":{"x":1.4901161193847657e-8,"y":3.8898940086364748,"z":2.9802322387695315e-8},"rotation":{"x":-0.2674109637737274,"y":0.5806158781051636,"z":-0.20986992120742799,"w":-0.7398183345794678},"size":12.21751594543457,"orthographic":false}