{"cameraMode":{"drawMode":0,"name":"Shaded","section":"Shading Mode"},"sceneLighting":true,"audioPlay":false,"sceneViewState":{"showFog":false,"showMaterialUpdate":false,"showSkybox":false,"showFlares":false,"showImageEffects":false,"showParticleSystems":false},"in2DMode":false,"pivot":{"x":5233.56494140625,"y":141.8842315673828,"z":5192.7822265625},"rotation":{"x":-0.02207665704190731,"y":-0.9743486046791077,"z":0.11038509011268616,"w":-0.1948665827512741},"size":13.417830467224121,"orthographic":false}