{"cameraMode":{"drawMode":0,"name":"Shaded","section":"Shading Mode"},"sceneLighting":false,"audioPlay":false,"sceneViewState":{"showFog":false,"showMaterialUpdate":false,"showSkybox":false,"showFlares":false,"showImageEffects":false,"showParticleSystems":false},"in2DMode":false,"pivot":{"x":26.110801696777345,"y":65.14591979980469,"z":-8.3514404296875},"rotation":{"x":-0.10407045483589173,"y":0.8183298110961914,"z":-0.15682882070541383,"w":-0.5430565476417542},"size":731.5689086914063,"orthographic":false}